codmpio,plebi_yes_prop,total
05001,0.3649306834929993,694784
05002,0.35536057033177954,3647
05004,0.3723776223776224,572
05021,0.5567723342939481,1735
05030,0.3271585557299843,6370
05031,0.3431115767417496,3818
05034,0.3511492356757946,9093
05036,0.34801762114537443,1589
05038,0.3643410852713178,1935
05040,0.5911528150134048,2984
05042,0.37142857142857144,5495
05044,0.31565217391304345,1150
05045,0.5076713994492329,27961
05051,0.629219229457893,5866
05055,0.31476997578692495,2065
05059,0.2933723196881092,1026
05079,0.3127326880119136,13430
05086,0.424860853432282,1617
05088,0.35816167418957734,121850
05091,0.2896208825357365,1609
05093,0.33245120740985773,3023
05101,0.2916962384669979,5636
05107,0.6578440808469682,2078
05113,0.33712660028449504,1406
05120,0.6258741258741258,4004
05125,0.370625,1600
05129,0.35792149763106196,25961
05134,0.47762345679012347,1296
05138,0.39127764127764125,4884
05142,0.48206839032527105,1199
05145,0.4008468595624559,1417
05147,0.45401858007329754,11733
05148,0.33002985074626867,16750
05150,0.40347826086956523,1150
05154,0.4208789632250968,20911
05172,0.5101678502259522,12392
05190,0.35929731521378855,3017
05197,0.3386101973684211,4864
05206,0.3683193818415969,1553
05209,0.31344221105527637,3184
05212,0.3771905534237905,25279
05234,0.6115685467270482,4858
05237,0.25478535588180634,5381
05240,0.33977512297962054,2846
05250,0.4211436170212766,7520
05264,0.3238805970149254,2680
05266,0.35331065166186865,106988
05282,0.35055578427336354,4858
05284,0.5319465081723626,4038
05306,0.5323741007194245,1251
05308,0.35529617741464836,17135
05310,0.3521897810218978,2192
05313,0.38071625344352616,3630
05315,0.5144092219020173,1388
05318,0.2614158335584977,14804
05321,0.37779822140447716,3261
05347,0.42359249329758714,1492
05353,0.4019264448336252,1142
05360,0.3641767550718184,96563
05361,0.6509502044743806,4157
05364,0.35263387026556375,4594
05368,0.28372368811147347,3373
05376,0.2945175438596491,22800
05380,0.35918389147038404,18723
05390,0.41358275721838145,2459
05400,0.33882321689467393,7529
05411,0.34517203107658156,2703
05425,0.40916271721958924,1899
05440,0.30849327404739124,17767
05467,0.5216201423097975,1827
05475,0.9330434782608695,1150
05480,0.6092409240924093,3030
05483,0.3127735773975328,2513
05490,0.5831438127090302,7475
05495,0.5052164840897235,3834
05501,0.3689189189189189,740
05541,0.3752539242843952,5415
05543,0.7001287001287001,2331
05576,0.331841074426413,1787
05579,0.3079308817013735,9028
05585,0.573980875691998,3974
05591,0.25807278318810867,3902
05604,0.33137747974294496,3579
05607,0.30858869227449287,6951
05615,0.3004959092716202,47791
05628,0.3291032148900169,2364
05631,0.3662350084614819,27182
05642,0.31608730800323365,2474
05647,0.4150499706055262,1701
05649,0.45593285005723005,5242
05652,0.40317654245571166,1637
05656,0.36258992805755397,3475
05658,0.35174418604651164,1032
05659,0.6500728508984944,4118
05660,0.2442371020856202,3644
05664,0.25112535806847636,7331
05665,0.49686444766039556,4146
05667,0.35877862595419846,4061
05670,0.399910434393193,4466
05674,0.2724406835905094,6027
05679,0.34652812139205014,6063
05686,0.29027237354085605,10280
05690,0.3704335950836463,2929
05697,0.26376673797638855,12621
05736,0.32365499573014517,4684
05756,0.2495426665231895,9293
05761,0.4402441887767081,4259
05789,0.3448351168377375,4579
05790,0.5806613226452906,5988
05792,0.4089430894308943,1230
05809,0.3403669724770642,2180
05819,0.5584324702589223,1429
05837,0.5440635011715201,20913
05842,0.5210958904109589,1825
05847,0.4508867667121419,5864
05854,0.4741264927023441,2261
05856,0.3891786179921773,1534
05858,0.27381600435492653,1837
05861,0.3762002743484225,2916
05873,0.9506172839506173,2187
05885,0.3767241379310345,1160
05887,0.3101339238637562,9483
05890,0.3826879271070615,3512
05893,0.4419642857142857,5376
05895,0.47165021156558534,3545
08001,0.5696304241833252,256375
08078,0.7120886126384572,12549
08137,0.6145092460881935,2812
08141,0.6849044166117337,3034
08296,0.6127126654064272,8464
08372,0.6825714285714286,3500
08421,0.6355218855218855,3564
08433,0.5555905909062244,15857
08436,0.8320802005012531,1995
08520,0.6731535756154748,4265
08549,0.7273910214703969,1537
08558,0.7989525749199884,3437
08560,0.6254796623177283,3909
08573,0.6110396570203644,9330
08606,0.789223830999288,4213
08634,0.6334762275915822,5132
08638,0.7109033578580517,18077
08675,0.7450482478415439,1969
08685,0.7118230889778862,5743
08758,0.5843211906204032,57785
08770,0.7565897858319605,2428
08832,0.6697410429230224,2819
08849,0.7640091116173121,2195
13001,0.552763478272665,147441
13006,0.6805182493284879,6329
13030,0.5519662921348315,1424
13042,0.8666666666666667,1950
13052,0.6162493612672458,9785
13062,0.737467018469657,1516
13074,0.5176678445229682,2830
13140,0.576043068640646,3715
13160,0.7031074503931112,2671
13188,0.6967871485943775,2988
13212,0.7649301143583227,4722
13222,0.6467268623024831,1772
13244,0.5204748147217686,15922
13248,0.782350024789291,2017
13268,0.5997366688610928,1519
13300,0.49924471299093653,2648
13430,0.6123146668648508,26911
13433,0.6840572676534822,4121
13440,0.5851246775580395,2326
13442,0.7840044742729306,8940
13458,0.7870414483087185,2099
13468,0.621695969381653,8361
13473,0.45931198102016607,4215
13490,0.8289136013686912,1169
13549,0.6008488278092159,4948
13580,0.7599164926931107,1437
13600,0.6835094166283877,2177
13620,0.8610670892762811,1893
13647,0.6776034236804565,2804
13650,0.809049398090494,2409
13654,0.5885318210459988,6348
13655,0.6812162824914174,2039
13657,0.5957298677187283,8618
13667,0.6839141147483281,2841
13670,0.4702920443101712,5958
13673,0.7185457516339869,2448
13683,0.6374929418407679,1771
13688,0.3658469190384084,7238
13744,0.48001095290251916,3652
13760,0.8421052631578947,2242
13780,0.6300539083557951,2968
13810,0.5424710424710425,3108
13836,0.5954390194896524,9954
13838,0.6795123869445536,2543
13873,0.5982776089159068,1974
13894,0.8425006707807888,3727
15001,0.555235610962431,59038
15022,0.5021645021645021,693
15047,0.2809955803675273,4299
15051,0.449941792782305,1718
15087,0.441967717140661,2602
15090,0.6581632653061225,588
15092,0.5941605839416059,685
15097,0.42765273311897106,1866
15104,0.5601118359739049,1073
15106,0.6101036269430051,772
15109,0.42191780821917807,1460
15114,0.4702702702702703,370
15131,0.5715539947322212,1139
15135,0.518935516888434,977
15162,0.5902948402948403,1628
15172,0.4469214437367304,942
15176,0.47374262515333837,17119
15180,0.4782918149466192,1405
15183,0.37128072445019406,2319
15185,0.3893591293833132,1654
15187,0.5129032258064516,930
15189,0.44038929440389296,1233
15204,0.5696687653983028,3653
15212,0.5848348348348348,1332
15215,0.4272251308900524,955
15218,0.3648148148148148,1080
15223,0.5316541865214431,1469
15224,0.5403481012658228,1264
15226,0.4119448698315467,653
15232,0.5888157894736842,912
15236,0.39634146341463417,656
15238,0.47402392565091844,41211
15244,0.2917316692667707,1282
15248,0.34002006018054165,997
15272,0.6186002818224519,2129
15276,0.3892171344165436,1354
15293,0.46274217585692995,1342
15296,0.4164989939637827,1491
15299,0.4897564746810978,5174
15317,0.19334389857369255,631
15322,0.5021923414206373,3421
15325,0.5627450980392157,1530
15332,0.46179401993355484,1204
15362,0.4282380396732789,857
15367,0.616258218768679,1673
15368,0.36858316221765913,974
15377,0.4426719840478564,1003
15380,0.48973880597014924,1072
15401,0.7277486910994765,573
15403,0.30760986066452306,933
15407,0.5083042854213656,4877
15425,0.3757085020242915,1235
15442,0.7327632282202031,1871
15455,0.6317787418655098,3688
15464,0.2354685646500593,1686
15466,0.3695955369595537,1434
15469,0.501694393099199,6492
15476,0.5173347778981582,1846
15480,0.35454545454545455,2420
15491,0.49381640829123846,5741
15494,0.617056856187291,1794
15500,0.5330396475770925,1135
15507,0.4309835373575348,2369
15511,0.4749679075738126,779
15514,0.4543973941368078,1228
15516,0.5469413012729845,11312
15518,0.36,650
15522,0.4391371340523883,649
15531,0.6334860474802165,2401
15533,0.43419267299864317,737
15537,0.6427340608845491,1741
15542,0.3903243540406817,1819
15550,0.42116630669546434,463
15572,0.2976231964870705,14347
15580,0.3602941176470588,1768
15599,0.5256364288275368,2789
15600,0.47109826589595377,1730
15621,0.5048439181916039,929
15632,0.6129912663755459,3664
15638,0.52,1350
15646,0.48319241080635184,4849
15660,0.6104078762306611,711
15664,0.514689880304679,1838
15667,0.3530073074761102,1779
15673,0.32083696599825634,1147
15676,0.4659400544959128,1101
15681,0.308994708994709,1890
15686,0.5031847133757962,2198
15690,0.3808267370272647,1137
15693,0.41680085882984436,3726
15696,0.5977859778597786,1084
15720,0.48253557567917205,773
15723,0.5225464190981433,377
15740,0.3367965367965368,2310
15753,0.4123624047417443,3543
15755,0.3759505703422053,2104
15757,0.4751565762004175,2395
15759,0.48270357840567973,41974
15761,0.5910614525139665,895
15762,0.5200909780136467,1319
15763,0.32556093268807745,2273
15764,0.5019323671497584,2070
15774,0.6012006861063465,1166
15776,0.5342142520056631,2119
15778,0.464339908952959,1318
15790,0.5713391739674594,1598
15798,0.6181599518941672,1663
15804,0.6179934055581724,2123
15806,0.5095435684647303,3615
15808,0.5438898450946644,1162
15810,0.4903169014084507,1136
15814,0.47226962457337884,2344
15816,0.5336091003102379,967
15820,0.4029197080291971,1370
15822,0.3372216330858961,943
15832,0.7038167938931298,655
15835,0.6500559910414334,1786
15837,0.49341471249598456,3113
15839,0.5184404636459431,949
15842,0.4296361245067953,2281
15861,0.4669051878354204,3354
15879,0.4172749391727494,822
15897,0.6453900709219859,1410
17001,0.4803680186601011,154340
17013,0.2787491115849325,7035
17042,0.2994022660362209,11209
17050,0.3753280839895013,4191
17088,0.3892030848329049,3890
17174,0.35948852077884336,17205
17272,0.4160316976531545,3281
17380,0.3268821274783514,21133
17388,0.4189646831156265,2067
17433,0.3481932443047918,5092
17442,0.30040911747516075,1711
17444,0.3564939847778051,4073
17446,0.4657039711191336,831
17486,0.33857333531069256,6743
17495,0.4171270718232044,2172
17513,0.35078178110129166,4413
17524,0.4181410974244121,4465
17541,0.3018625561978163,6228
17614,0.40262669143008756,15076
17616,0.31298955613577023,3064
17653,0.3898809523809524,5376
17662,0.4205020920502092,6692
17665,0.41784037558685444,1491
17777,0.3054674616262844,7883
17867,0.40565118544982137,3079
17873,0.42117726657645466,17736
17877,0.26383551114527287,5204
19001,0.5779385020589896,95678
19022,0.777176852352623,3698
19050,0.8502196193265007,6830
19075,0.8211170903692707,5389
19100,0.6190419869899467,8455
19110,0.6858763810092565,6698
19130,0.6807745504840941,7230
19137,0.7594766856759476,8943
19142,0.7083433807571738,8294
19212,0.6678053952173401,8489
19256,0.55243759423689065,11938
19290,0.7112970711297071,2151
19300,0.6830870279146142,6090
19318,0.9066753078418665,6172
19355,0.7137018713701871,4649
19364,0.8288973384030418,3945
19392,0.5800338409475465,2955
19397,0.729483282674772,5264
19418,0.929472209248015,4282
19450,0.7340201357995786,4271
19455,0.6221686241610739,9536
19473,0.5692679975801573,6612
19513,0.7170530327087964,3149
19517,0.681283577755191,6887
19532,0.7016903806396693,8223
19533,0.6434108527131783,1548
19548,0.51588147516521,9382
19573,0.6493148587613872,13063
19585,0.6110645431684828,2386
19622,0.5645059786028949,3178
19693,0.7418032786885246,2684
19698,0.5625714862410012,29726
19701,0.6206624605678234,1268
19743,0.7258145363408521,7980
19760,0.6395163856188355,3143
19780,0.6314935064935064,6160
19785,0.7921787709497207,1790
19807,0.5361164223496919,9414
19809,0.9270636420919974,6348
19821,0.7950121654501217,8220
19824,0.7257840688315292,3603
19845,0.6682035519125683,5856
20001,0.5094871911543887,87908
20011,0.30140772405660377,27136
20013,0.4739232457800318,13211
20032,0.517428350116189,3873
20045,0.5930633347694959,4642
20060,0.5670197016285161,8781
20175,0.5292713967546929,6286
20178,0.5747984472977008,6698
20228,0.5783295101875591,7411
20238,0.6338051904280418,5934
20250,0.6303002166511916,6462
20295,0.4680046538685282,3438
20310,0.49151172190784154,1237
20383,0.502672367717798,3742
20400,0.5256859913348463,9694
20443,0.6002510197678067,3187
20517,0.5721680270754529,5023
20550,0.46349603671255735,4794
20570,0.6669272869429241,2558
20614,0.3539140022050717,4535
20621,0.569215876089061,6198
20710,0.37065637065637064,6734
20750,0.6001199040767387,5004
20770,0.3394173394173394,5698
20787,0.6550387596899225,2838
23001,0.47399345949713184,93265
23068,0.578910904808092,7217
23079,0.7106741573033708,5696
23090,0.7612456747404844,3468
23162,0.5044449216233626,23285
23168,0.7115869017632241,3970
23182,0.48646605171631635,13226
23189,0.6164617710867135,15211
23300,0.6410505836575876,4112
23350,0.6473590201582036,3919
23417,0.6656683599969672,26378
23419,0.7632720512290849,4841
23464,0.6706161137440758,4220
23466,0.5664127017955138,18769
23500,0.7781456953642384,5436
23555,0.567281286779129,15294
23570,0.6520635768665687,7487
23574,0.7327349331379374,5459
23580,0.7379581654193054,10422
23586,0.5051229508196722,3904
23660,0.6151580674023263,26824
23670,0.7106414672749278,10741
23672,0.6146892655367232,7080
23675,0.7888722622772412,7351
23678,0.5776464266523375,3722
23682,0.789795185052102,2783
23686,0.6594715629198388,11165
23807,0.6739351727832842,18665
23815,0.6416403017765879,8218
23855,0.6686615092687199,6851
25001,0.44145529080194723,3903
25019,0.38076923076923075,1820
25035,0.4431692783050099,4531
25040,0.40037726951190755,4241
25053,0.38202247191011235,3916
25086,0.4856278366111952,661
25095,0.521239954075775,871
25099,0.38684538653366585,3208
25120,0.6905923344947735,1435
25123,0.4810271041369472,3505
25126,0.4494068387997209,20062
25148,0.34646135623334323,3377
25151,0.36217194570135747,5525
25154,0.36792452830188677,2120
25168,0.49234863606121093,1503
25175,0.4942421483841602,43940
25178,0.3046448087431694,2928
25181,0.33375769149161894,4713
25183,0.3534811222722549,5774
25200,0.39668932899793086,6766
25214,0.45414025356576865,10096
25224,0.33688107357704766,2161
25245,0.43932708218422506,7252
25258,0.37863372093023256,1376
25260,0.31344038437223415,7909
25269,0.4009833553275723,46982
25279,0.2839132627332325,3966
25281,0.2166172106824926,2022
25286,0.43041104688503534,31140
25288,0.46962332928311057,1646
25290,0.4265515843685177,41941
25293,0.4620213433772756,1593
25295,0.3662332125346408,4691
25297,0.3351080488568744,3193
25299,0.4534005037783375,1191
25307,0.3641903742679628,33639
25312,0.45482866043613707,2247
25317,0.39932697700504766,3566
25320,0.3984944718889673,8502
25322,0.3477191413237925,4472
25324,0.5491803278688525,732
25326,0.3796816479400749,2136
25328,0.4816955684007707,1557
25335,0.2529585798816568,2028
25339,0.3574087862993299,1343
25368,0.5337837837837838,888
25372,0.392312040700961,1769
25377,0.5257210503659061,9292
25386,0.4946627299568476,8806
25394,0.5816084153376315,2947
25398,0.24675948151704272,2083
25402,0.44600852009631414,5399
25407,0.38353566009104706,2636
25426,0.41753424657534244,1825
25430,0.36783411744206307,28695
25436,0.48763657274295574,1739
25438,0.34344100197758737,3034
25473,0.4334263504086107,30102
25483,0.47192513368983957,748
25486,0.35733392777530093,4486
25488,0.5519557487159226,2531
25489,0.4072398190045249,1326
25491,0.5714285714285714,2191
25506,0.5581203627370157,1213
25513,0.4714068825910931,7904
25518,0.5110073382254836,1499
25524,0.5251594613749114,1411
25530,0.40019569471624267,3066
25535,0.5542978422355854,2827
25572,0.32332195676905573,4395
25580,0.46588486140724944,938
25592,0.290732889158086,1651
25594,0.31505102040816324,2352
25596,0.3556085918854415,2095
25599,0.49200446262551134,2689
25612,0.4447957839262187,3795
25645,0.5071428571428571,3360
25649,0.4650994575045208,2765
25653,0.4772727272727273,1364
25658,0.3553146642577537,3321
25662,0.44132135612865836,3451
25718,0.3424698795180723,3320
25736,0.3835051546391753,3880
25740,0.39062204575534126,10578
25743,0.4699074074074074,6480
25745,0.35016335016335015,3367
25754,0.46663148984819003,90969
25758,0.49540192578167264,9243
25769,0.30536633992357537,6019
25772,0.41283241874208526,4738
25777,0.3667731629392971,1565
25779,0.5004775549188156,2094
25781,0.34860681114551084,1615
25785,0.4398862713241267,7386
25793,0.2724584103512015,2705
25797,0.5363951473136915,2308
25799,0.41566437571592213,6984
25805,0.5159151193633952,1508
25807,0.6268796992481203,1064
25815,0.5023504273504273,4680
25817,0.40749241741126324,12199
25823,0.5336351875808538,1546
25839,0.3967730106343968,2727
25841,0.41934005499541704,2182
25843,0.3715558239601419,13247
25845,0.43872714962762355,2954
25851,0.33532934131736525,1837
25862,0.49503668536901163,2317
25867,0.5038167938931297,1441
25871,0.3261943986820428,607
25873,0.2849056603773585,5830
25875,0.3459394469340912,9149
25878,0.4755822689706987,3993
25885,0.4149364735048032,3227
25898,0.46563407550822844,2066
25899,0.4737050401583052,42955
11001,0.553857262740341,2570359
27001,0.7103288689432719,28522
27006,0.7448931116389549,2105
27025,0.9145166304009947,3217
27050,0.7775700934579439,2675
27073,0.8991262907069102,2518
27075,0.8157446808510638,2350
27077,0.902238314680711,3038
27099,0.9482262703739214,2086
27135,0.7150663544106167,1281
27150,0.9429824561403509,1368
27160,0.724400234055003,1709
27205,0.6866028708133971,3344
27245,0.5428271150814503,1903
27250,0.8922091782283885,2811
27361,0.6748985115020297,5912
27372,0.7795698924731183,744
27413,0.7981995498874719,2666
27425,0.9524866785079928,2252
27430,0.9189092213850018,2787
27450,0.8373904576436222,3081
27491,0.6969522714203565,1739
27495,0.9176928062216462,1543
27580,0.8843283582089553,1340
27600,0.7581018518518519,2592
27615,0.8924980665119876,3879
27660,0.6575840145322435,1101
27745,0.8251001335113485,749
27787,0.6610604998832048,4281
27800,0.647005444646098,2204
27810,0.7580993520518359,1852
41001,0.4490914414331985,109294
41006,0.23044737689089154,6214
41013,0.3148614609571788,2779
41016,0.4498826079104208,5537
41020,0.5275124188001529,5234
41026,0.43208661417322836,1016
41078,0.5227568270481144,2307
41132,0.37432472252234555,10181
41206,0.38984438984438985,2442
41244,0.47601476014760147,1355
41298,0.3362607131520474,18902
41306,0.37138084632516705,7184
41319,0.29054791530233576,4581
41349,0.4345006485084306,2313
41357,0.3826266804550155,2901
41359,0.2642755405930338,7723
41378,0.42904619474908606,3009
41396,0.3199856989631748,13985
41483,0.34124293785310733,1770
41503,0.26685570258349084,3174
41518,0.27770114942528734,2175
41524,0.3704507725705529,7831
41530,0.36730769230769234,3120
41548,0.277747402952433,3658
41551,0.3412291933418694,31240
41615,0.44942263279445727,6495
41660,0.4119524223962866,3447
41668,0.3176129779837775,8630
41676,0.281981981981982,3330
41770,0.3105533716359238,3307
41791,0.3148720211827008,4532
41797,0.22967064995628098,3431
41799,0.4588064749939599,4139
41801,0.28560371517027866,2584
41807,0.23853666611488164,6041
41872,0.5623100303951368,2632
41885,0.38115990613476364,2983
47001,0.5286979233023315,94188
47030,0.7471827535521803,2041
47053,0.6206451612903225,1550
47058,0.6022364217252396,5634
47161,0.8939828080229226,2443
47170,0.7811550151975684,3619
47189,0.48466636710851496,17804
47205,0.8581776591688905,2623
47245,0.5476607256524507,12568
47258,0.8112657818064098,3089
47268,0.6655184292111609,2903
47288,0.5093380484031385,9049
47318,0.6339342523860021,4715
47460,0.587454364420843,3013
47541,0.6957424714434061,1926
47545,0.6215568862275449,2505
47551,0.8556519381946327,7378
47555,0.6437531871494135,9805
47570,0.4865738438587767,4022
47605,0.883170355120947,1943
47660,0.5835117773019272,1868
47675,0.5620715917745621,1313
47692,0.7661955241460542,5094
47703,0.8120141342756184,2830
47707,0.5378681626928471,4278
47720,0.8056586270871985,2156
47745,0.6543650793650794,2520
47798,0.8301950235373234,2974
47960,0.800226586102719,2648
47980,0.6369409166206516,3622
52001,0.6152998486981922,114341
52019,0.4168900804289544,2984
52022,0.48870481927710846,2656
52036,0.7068458630827383,2381
52051,0.45957785742731977,2511
52079,0.7243751433157533,4361
52083,0.5861926415874328,2419
52110,0.484491623818212,6029
52203,0.5603847524047025,2807
52207,0.5560576108443942,3541
52210,0.521389028686462,1987
52215,0.5998877665544332,3564
52224,0.45991872922053934,2707
52227,0.6123348017621145,8853
52233,0.8606823720552397,2462
52240,0.6099563767000257,3897
52250,0.8808657345336143,5221
52254,0.7818735204599256,2957
52256,0.8868709799470299,2643
52258,0.6300211416490487,4730
52260,0.6791841402973694,5246
52287,0.6614867702645947,2381
52317,0.5481335952848723,4581
52320,0.7151918807484935,3153
52323,0.5891733109525807,2383
52352,0.6036302237230899,2369
52354,0.542977923907938,2129
52356,0.48327545238530434,32826
52378,0.5001757469244288,5690
52381,0.7102572048342113,3227
52385,0.6684563758389261,1490
52390,0.8658227848101265,1975
52399,0.4136504653567735,7736
52405,0.8762193070972082,2973
52411,0.838931718061674,3632
52418,0.7398597133272339,3279
52427,0.9082764505119454,2344
52435,0.6083289404322615,1897
52473,0.8840644583706356,2234
52480,0.5905558876270174,1673
52490,0.803909590714722,3274
52506,0.6112035496394898,1803
52520,0.8217149907464528,1621
52540,0.8668076109936576,4257
52560,0.452991452991453,3510
52565,0.8391534391534392,1890
52573,0.6655528554070473,3292
52585,0.4674291397314769,6033
52612,0.6387795275590551,3048
52621,0.9027484143763214,2365
52678,0.8160627740595431,8666
52683,0.6212904178355234,6773
52685,0.5966572059287291,3171
52687,0.5884076166562042,4779
52693,0.6259643522213355,3759
52694,0.4925512104283054,2148
52696,0.9020639417239984,2471
52699,0.6822233875196644,1907
52720,0.5864297253634895,1857
52786,0.7562824092540885,5014
52788,0.5187617260787992,3198
52835,0.6868032451993229,34266
52838,0.6186046511627907,10320
52885,0.6470763723150358,3352
66001,0.4528004825818127,165775
66045,0.33289473684210524,3800
66075,0.43848425196850394,2032
66088,0.3699705593719333,7133
66170,0.4158884046369593,67458
66318,0.32674571805006586,3795
66383,0.36752136752136755,2457
66400,0.39094351784707115,12411
66440,0.36897536594073543,5602
66456,0.5115537848605578,3765
66572,0.6032970887407927,2851
66594,0.49801706525657974,8321
66682,0.3910110596909562,25498
66687,0.39019867549668874,3775
54001,0.34010100640141294,245727
54003,0.32852438450682137,6377
54051,0.29295865633074936,3096
54099,0.3672220333219993,2941
54109,0.2757009345794392,1498
54125,0.47308132875143183,873
54128,0.20159453302961275,2634
54172,0.36365303502659085,5453
54174,0.3631361760660248,2908
54206,0.5629689174705252,3732
54223,0.31915617556992176,2939
54239,0.5188825659596482,1933
54245,0.4952598888525662,3059
54250,0.8774053382991931,3222
54261,0.34444168117383733,8042
54313,0.32476875642343267,1946
54344,0.8493746601413812,1839
54347,0.3162751677852349,1192
54377,0.51316559391457,1709
54385,0.33366013071895423,3060
54398,0.4663278271918678,1574
54405,0.2769935139259824,28831
54418,0.24403387220939185,1299
54480,0.4400352733686067,1134
54498,0.384351431533045,27977
54518,0.3430891736539577,18963
54520,0.3132464712269272,1842
54553,0.2643112701252236,2236
54599,0.24421296296296297,1728
54660,0.3086185044359949,3156
54670,0.9179133103183736,2607
54673,0.3092691622103387,2244
54680,0.44002741603838247,1459
54720,0.33671571114493487,5913
54743,0.18606321839080459,1392
54800,0.8225533355909245,2953
54810,0.6367893705075147,9182
54820,0.30417633410672856,4310
54871,0.23552735923869944,1261
54874,0.23696859048399715,26839
63001,0.4174682387002152,105002
63111,0.428988326848249,1028
63130,0.36585569419521763,23963
63190,0.3570055531824007,9364
63212,0.4448979591836735,1960
63272,0.3576127819548872,4256
63302,0.3512455516014235,2810
63401,0.3614198637504482,11156
63470,0.2861955697801735,11873
63548,0.3417190775681342,2385
63594,0.37579882147896093,12049
63690,0.3308766485647789,2578
68001,0.4439612177313171,225567
68013,0.45706371191135736,361
68020,0.5466666666666666,1200
68051,0.4955223880597015,2680
68077,0.48014361875748013,9191
68079,0.5567484662576687,2608
68081,0.49524302634133716,77255
68092,0.4125083166999335,1503
68101,0.492091388400703,2845
68121,0.641726618705036,695
68132,0.21468926553672316,708
68147,0.3652173913043478,1840
68152,0.30829800121138706,1651
68160,0.6193001060445387,943
68162,0.43592099219108865,2177
68167,0.5996649916247906,3582
68169,0.27781926811053026,1339
68176,0.6111719605695509,913
68179,0.6946410515672397,989
68190,0.38940092165898615,9548
68207,0.34076433121019106,1884
68209,0.37109826589595374,865
68211,0.5557986870897156,1371
68217,0.4987452948557089,1594
68229,0.4517465956187093,3378
68235,0.25527142216240467,4458
68245,0.6629766297662977,813
68250,0.46686746987951805,1328
68255,0.2653061224489796,4361
68264,0.5852601156069365,692
68266,0.4423791821561338,1345
68271,0.6547269524368761,1703
68276,0.41186579564336606,87866
68296,0.4011090573012939,1082
68298,0.5312775330396475,1135
68307,0.37322652464312217,45814
68318,0.3732943469785575,2052
68320,0.387364390555201,1567
68322,0.49224806201550386,774
68324,0.6007434944237918,1345
68327,0.6053351573187414,1462
68344,0.5679314565483476,817
68368,0.6113744075829384,1055
68370,0.48621553884711777,399
68377,0.3293333333333333,2250
68385,0.4857610474631751,3055
68397,0.5595727198027938,1217
68406,0.3006001091107474,12831
68418,0.39985397907033343,4109
68425,0.5428571428571428,840
68432,0.3709983920479462,6841
68444,0.38386524822695034,2256
68464,0.4081990189208129,2854
68468,0.3705512909979065,1433
68498,0.6760479041916168,1670
68500,0.4307649357900614,3582
68502,0.49686520376175547,1276
68522,0.6683501683501684,594
68524,0.5192497532082923,1013
68533,0.4987389659520807,1586
68547,0.3903876348361575,49041
68549,0.5467943994104643,1357
68572,0.559245960502693,4456
68573,0.315210355987055,1545
68575,0.4754611903933171,8619
68615,0.3224445515911283,8296
68655,0.30141485598787265,7916
68669,0.5322528363047002,3085
68673,0.6636363636363637,880
68679,0.49100904821898983,17462
68682,0.5805142083897158,739
68684,0.3179317931793179,1818
68686,0.5127272727272727,825
68689,0.39289218358225225,9173
68705,0.3474114441416894,734
68720,0.3557951482479784,1113
68745,0.540174672489083,2290
68755,0.45500209292591043,9556
68770,0.5209111277072442,2678
68773,0.3756727664155005,1858
68780,0.35591958302308263,1343
68820,0.39627268268759197,2039
68855,0.49158780231335436,1902
68861,0.525431939286291,6193
68867,0.15862068965517243,580
68872,0.3817496860611134,2389
68895,0.3755725190839695,2620
70001,0.5321996334654563,70389
70110,0.672923076923077,3250
70124,0.7555081734186212,2814
70204,0.6857624262847515,2374
70215,0.5990882126771394,18206
70221,0.49204720369420213,3898
70230,0.6233859397417504,1394
70233,0.7685439560439561,2912
70235,0.409039759939985,5332
70265,0.5053013392857143,3584
70400,0.7807576265504526,2983
70418,0.7543401644693905,7661
70429,0.5679030163082696,6929
70473,0.6361547299885102,5222
70508,0.7132530120481928,7470
70523,0.6844431349440189,3394
70670,0.582166040314315,11708
70678,0.6308113035551504,5485
70702,0.7024702249669166,4534
70708,0.6201564010192426,11381
70713,0.7623828647925034,10458
70717,0.6376590330788804,5895
70742,0.5973572130610462,9157
70771,0.54673721340388,5670
70820,0.6895806861499365,7870
70823,0.7040678879310345,7424
73001,0.3878377415766662,182499
73024,0.2979564930784443,1517
73026,0.4707570864729099,2787
73030,0.5060341240116522,2403
73043,0.29339542760372567,2362
73055,0.5028026905829597,3568
73067,0.3156892612338157,5252
73124,0.3015216672179954,6046
73148,0.34740444951511695,3506
73152,0.4787123572170301,1926
73168,0.4375199744327261,12516
73200,0.5509070714550166,2701
73217,0.5987686895338611,5685
73226,0.4059667673716012,2648
73236,0.4019572308807539,2759
73268,0.3577582530069095,23446
73270,0.5143497757847534,2230
73275,0.35454952935903183,6693
73283,0.3199859911277142,8566
73319,0.337475038828489,9014
73347,0.3747412008281574,1932
73349,0.41513627324833313,8549
73352,0.5144230769230769,2912
73408,0.4850838481906443,5665
73411,0.47905637596359246,10767
73443,0.4100861450107681,11144
73449,0.28349479071467737,10942
73461,0.3498716852010265,1169
73483,0.5479704797047971,5420
73504,0.38177542621987065,8505
73520,0.40313504823151125,2488
73547,0.4949186991869919,1968
73555,0.4541498791297341,6205
73563,0.3737912637545849,2999
73585,0.4850701522964384,8339
73616,0.46232733361239015,4778
73622,0.4904214559386973,1566
73624,0.28316326530612246,6272
73671,0.32569011576135354,4492
73675,0.27126607319485657,4044
73678,0.3770718232044199,4344
73686,0.27079843662758235,1791
73770,0.3861003861003861,1813
73854,0.44866666666666666,1500
73861,0.4298128342245989,4488
73870,0.25010334849111204,2419
73873,0.37423312883435583,1793
76001,0.5366065962817298,596245
76020,0.4747368421052632,3800
76036,0.5105608157319738,6865
76041,0.30841813135985197,5405
76054,0.4721227621483376,1955
76100,0.4159951651893634,4964
76109,0.6822516789818718,62389
76111,0.4956363378349613,42281
76113,0.5600619631037882,7101
76122,0.3765139036915028,10321
76126,0.4756641870350691,4705
76130,0.4541022542605942,23999
76147,0.37372237047479984,39722
76233,0.4338850660219453,10754
76243,0.3007596685082873,2896
76246,0.4816537467700258,1935
76248,0.5076856462437757,18476
76250,0.31952662721893493,3042
76275,0.5499840645915224,18826
76306,0.4807372714911618,6619
76318,0.5465709427545815,10586
76364,0.5249389605859783,34404
76377,0.4929816069699903,4132
76400,0.26771502540991465,10429
76403,0.45305164319248825,4260
76497,0.43177467869838665,3657
76520,0.5353915959755375,101380
76563,0.49779822543542557,15215
76606,0.3995952327411738,4447
76616,0.396045197740113,5310
76622,0.41444424557007337,11174
76670,0.49182709771158734,5506
76736,0.49496694711538464,13312
76823,0.3522669383596536,3926
76828,0.3628957600444362,5401
76834,0.4470121833301102,62052
76845,0.543010752688172,1674
76863,0.35852568875651525,2686
76869,0.5272039569391912,3437
76890,0.4660079051383399,5060
76892,0.5171773179375786,34988
76895,0.4897356372766209,13542
81001,0.3408673128342246,23936
81065,0.7356867398398101,10113
81220,0.3844061650045331,1103
81300,0.6412506856829402,3646
81591,0.3784261715296198,1131
81736,0.441680705579229,10091
81794,0.48852547885796893,11068
18001,0.3795251769049328,39004
18029,0.3111888111888112,1430
18094,0.385,2600
18150,0.7164603206819565,4927
18205,0.3896312132549439,1871
18247,0.37659574468085105,4230
18256,0.43123369362653746,2683
18410,0.7318239795918368,3136
18460,0.547845142439737,1369
18479,0.33858267716535434,1143
18592,0.48318098720292507,5470
18610,0.38562543192812715,2894
18753,0.6165951359084406,9786
18756,0.7514970059880239,2004
18785,0.3633633633633634,1332
18860,0.44941030415890754,1611
85001,0.27920845237866965,52151
85010,0.2846589339961337,14484
85015,0.6849173553719008,968
85125,0.20920353982300885,2825
85136,0.8537117903930131,458
85139,0.30082474226804123,4850
85162,0.28444984380423466,5762
85225,0.19567421426157486,2959
85230,0.3846404165310771,3073
85250,0.22583568264196535,9932
85263,0.19072313454335926,3471
85279,0.47801418439716314,705
85300,0.49026676279740444,1387
85315,0.7496671105193076,751
85325,0.20948012232415902,2616
85400,0.2687022900763359,1965
85410,0.2615748963883955,8445
85430,0.1919060052219321,3830
85440,0.2928036706109635,8282
44001,0.62258748674443265,28290
44035,0.5636627204638802,4139
44078,0.706848466067555,6454
44090,0.698647506339814,4732
44098,0.6292624900872323,2522
44110,0.6549800796812749,2510
44279,0.7108594270486343,9006
44378,0.6712264150943397,4240
44420,0.7198996655518395,1196
44430,0.5182689067539594,20773
44560,0.5423312883435583,3260
44650,0.477427597955707,9392
44847,0.4988351776354106,3434
44855,0.6331782945736434,3225
44874,0.5774321641297154,6044
94001,0.5127069695802849,5194
94343,0.8010752688172043,372
94663,0.9183673469387755,49
94883,0.551948051948052,154
94884,0.5660377358490566,106
94886,0.68,25
94887,0.7160493827160493,162
94888,NA,NA
50001,0.35479889738128056,159620
50006,0.2634394399683001,30284
50110,0.347900113507378,1762
50124,0.3695316520844056,1943
50150,0.2771756455211986,6274
50223,0.296259842519685,2032
50226,0.3189196208284638,7701
50245,0.5160349854227405,686
50251,0.5977948226270374,2086
50270,0.41575492341356673,1371
50287,0.40786369593709043,3815
50313,0.3509114583333333,19968
50318,0.24054103454578687,5471
50325,0.5589414595028067,1247
50330,0.6052545155993432,3045
50350,0.7200772200772201,3108
50370,0.919602529358627,2214
50400,0.4214145383104126,3054
50450,0.5291519434628975,2264
50568,0.3163517768780927,8892
50573,0.2740780331373597,9355
50577,0.4310419368785128,2313
50590,0.4657843770174306,3098
50606,0.4036697247706422,6104
50680,0.3226600985221675,3654
50683,0.4642233856893543,2292
50686,0.5273037542662116,586
50689,0.2736362485761296,7901
50711,0.508132471095434,5103
95001,0.45545373552246404,15714
95015,0.7020169160702667,1537
95025,0.5641873278236914,3630
95200,0.8371174728529122,1013
88001,0.5080321285140562,8466
88564,0.8049586776859504,1210
91001,0.48976640711902114,8990
91263,0.7623318385650224,223
91405,0.819672131147541,366
91407,0.875,216
91430,0.8,5
91460,0.9270833333333334,96
91530,0.8813559322033898,59
91536,0.8151260504201681,119
91540,0.7198612315698178,1153
91669,0.8741258741258742,143
91798,0.7703488372093024,344
86001,0.5906934027246288,13066
86219,0.5606694560669456,1912
86320,0.74945295404814,8226
86568,0.5616597956623051,11158
86569,0.6765114662960389,2878
86571,0.7005795235028976,3106
86573,0.5353189246178176,3794
86749,0.5635994587280109,4434
86755,0.535035035035035,1998
86757,0.807570977917981,3487
86760,0.5857758620689655,2320
86865,0.8405961854237717,7917
86885,0.49516741456679325,5794
97001,0.7457954232147781,3627
97161,0.821505376344086,465
97511,0.8947368421052632,190
97666,0.7043478260869566,345
97777,0.9473684210526315,19
97889,0.879746835443038,316
99001,0.4533195020746888,4820
99524,0.2639776357827476,2504
99624,0.4485981308411215,1284
99773,0.7220302949774117,3763
